{
  "GRE_Score": 0.009371082298457623,
  "TOEFL_Score": 0.010092295706272125,
  "CGPA_10": 0.013649342581629753,
  "SOP_Strength": 0.012646028771996498,
  "LOR_Strength": 0.012692808173596859,
  "Research_Exp": 0.01587267965078354,
  "Target_QS_Tier": 0.9089147448539734,
  "Target_Tuition_USD": 0.016761047765612602
}