{
  "Entrance_Percentile": 0.08107306063175201,
  "CGPA_10": 0.04479143023490906,
  "12th_Percentage": 0.02339177392423153,
  "Work_Exp_Months": 0.024994302541017532,
  "Target_NIRF_Tier": 0.8022057414054871,
  "Target_Tuition_INR": 0.023543691262602806
}